sample_name,combinatorial_barcode,plate_well,cell_line
PD193_fivelines_383k_JurkatCas9TCRlib_A01,AAGTGATTAGCAA,A01,JurkatCas9TCRlib
PD193_fivelines_383k_JurkatCas9TCRlib_A03,AGAATCCCCCTAA,A03,JurkatCas9TCRlib
PD193_fivelines_383k_JurkatCas9TCRlib_A05,ACCTGGGAAACTA,A05,JurkatCas9TCRlib
PD193_fivelines_383k_JurkatCas9TCRlib_A07,ATACCTCCCAGGA,A07,JurkatCas9TCRlib
PD193_fivelines_383k_JurkatCas9TCRlib_A09,AATTTGTGGTATA,A09,JurkatCas9TCRlib
PD193_fivelines_383k_JurkatCas9TCRlib_A11,ACCCGAGAGATCA,A11,JurkatCas9TCRlib
PD193_fivelines_383k_JurkatCas9TCRlib_A13,AGAGTATAGGGTA,A13,JurkatCas9TCRlib
PD193_fivelines_383k_JurkatCas9TCRlib_A15,ATCTTAATTGAGA,A15,JurkatCas9TCRlib
PD193_fivelines_383k_JurkatCas9TCRlib_A17,AACGTTCTGTCGA,A17,JurkatCas9TCRlib
PD193_fivelines_383k_JurkatCas9TCRlib_A19,ACATAATGGCGAA,A19,JurkatCas9TCRlib
PD193_fivelines_383k_JurkatCas9TCRlib_A21,AGGCCGGAACATA,A21,JurkatCas9TCRlib
PD193_fivelines_383k_JurkatCas9TCRlib_A23,ATCACTTCAAGAA,A23,JurkatCas9TCRlib
PD193_fivelines_383k_JurkatCas9TCRlib_B01,AAGCTGGCCTTCA,B01,JurkatCas9TCRlib
PD193_fivelines_383k_JurkatCas9TCRlib_B03,ACTGCACATTGGA,B03,JurkatCas9TCRlib
PD193_fivelines_383k_JurkatCas9TCRlib_B05,AGGTCCTTCGATA,B05,JurkatCas9TCRlib
PD193_fivelines_383k_JurkatCas9TCRlib_B07,ATTCGCACCCGAA,B07,JurkatCas9TCRlib
PD193_fivelines_383k_JurkatCas9TCRlib_B09,ACCGTAAATTACA,B09,JurkatCas9TCRlib
PD193_fivelines_383k_JurkatCas9TCRlib_B11,AGTAGTCGATATA,B11,JurkatCas9TCRlib
PD193_fivelines_383k_JurkatCas9TCRlib_B13,ATGTAAGAATCAA,B13,JurkatCas9TCRlib
PD193_fivelines_383k_JurkatCas9TCRlib_B15,AAGGCCCGCCGTA,B15,JurkatCas9TCRlib
PD193_fivelines_383k_JurkatCas9TCRlib_B17,ACTCCACGCAAGA,B17,JurkatCas9TCRlib
PD193_fivelines_383k_JurkatCas9TCRlib_B19,AGTCTTTGATTAA,B19,JurkatCas9TCRlib
PD193_fivelines_383k_JurkatCas9TCRlib_B21,ATAGAGCCCGCCA,B21,JurkatCas9TCRlib
PD193_fivelines_383k_JurkatCas9TCRlib_B23,AAGAAATGGAGGA,B23,JurkatCas9TCRlib
PD193_fivelines_383k_JurkatCas9TCRlib_C01,TCAGCGCTGGTTA,C01,JurkatCas9TCRlib
PD193_fivelines_383k_JurkatCas9TCRlib_C03,TGTTGACGAATAA,C03,JurkatCas9TCRlib
PD193_fivelines_383k_JurkatCas9TCRlib_C05,TTGCATCAGCGCA,C05,JurkatCas9TCRlib
PD193_fivelines_383k_JurkatCas9TCRlib_C07,TAGCCATATGAGA,C07,JurkatCas9TCRlib
PD193_fivelines_383k_JurkatCas9TCRlib_C09,TCCTGCCCCTGTA,C09,JurkatCas9TCRlib
PD193_fivelines_383k_JurkatCas9TCRlib_C11,TGGTATAAAACCA,C11,JurkatCas9TCRlib
PD193_fivelines_383k_JurkatCas9TCRlib_C13,TTAAAGTCATGCA,C13,JurkatCas9TCRlib
PD193_fivelines_383k_JurkatCas9TCRlib_C15,TAGAACTCAGAAA,C15,JurkatCas9TCRlib
PD193_fivelines_383k_JurkatCas9TCRlib_C17,TCAGCTTAATCGC,C17,JurkatCas9TCRlib
PD193_fivelines_383k_JurkatCas9TCRlib_C19,TGGCTTAAGAGAC,C19,JurkatCas9TCRlib
PD193_fivelines_383k_JurkatCas9TCRlib_C21,TTCACCTGTCGGC,C21,JurkatCas9TCRlib
PD193_fivelines_383k_JurkatCas9TCRlib_C23,TATAGTGATACTC,C23,JurkatCas9TCRlib
PD193_fivelines_383k_JurkatCas9TCRlib_D01,TCATCAGCGAACC,D01,JurkatCas9TCRlib
PD193_fivelines_383k_JurkatCas9TCRlib_D03,TGCGCCATGGGAC,D03,JurkatCas9TCRlib
PD193_fivelines_383k_JurkatCas9TCRlib_D05,TTGTTGAACTCCC,D05,JurkatCas9TCRlib
PD193_fivelines_383k_JurkatCas9TCRlib_D07,TATATACGCAGTC,D07,JurkatCas9TCRlib
PD193_fivelines_383k_JurkatCas9TCRlib_D09,TCGCACGACGTAC,D09,JurkatCas9TCRlib
PD193_fivelines_383k_JurkatCas9TCRlib_D11,TGGGACAGAAGGC,D11,JurkatCas9TCRlib
PD193_fivelines_383k_JurkatCas9TCRlib_D13,TTTAACAAGTATC,D13,JurkatCas9TCRlib
PD193_fivelines_383k_JurkatCas9TCRlib_D15,TACTCCTGGGTAC,D15,JurkatCas9TCRlib
PD193_fivelines_383k_JurkatCas9TCRlib_D17,TCAGAAAACCCCC,D17,JurkatCas9TCRlib
PD193_fivelines_383k_JurkatCas9TCRlib_D19,TGCACGAGCAGTC,D19,JurkatCas9TCRlib
PD193_fivelines_383k_JurkatCas9TCRlib_D21,TTATTATGCTTCC,D21,JurkatCas9TCRlib
PD193_fivelines_383k_JurkatCas9TCRlib_D23,TAGCGACTGTATC,D23,JurkatCas9TCRlib
PD193_fivelines_383k_JurkatCas9TCRlib_E01,CCCTTGCGACAGC,E01,JurkatCas9TCRlib
PD193_fivelines_383k_JurkatCas9TCRlib_E03,CGTTAGATTGCAC,E03,JurkatCas9TCRlib
PD193_fivelines_383k_JurkatCas9TCRlib_E05,CTAAATACCATCC,E05,JurkatCas9TCRlib
PD193_fivelines_383k_JurkatCas9TCRlib_E07,CATATTTTTTAGC,E07,JurkatCas9TCRlib
PD193_fivelines_383k_JurkatCas9TCRlib_E09,CCCCTAAACGCTC,E09,JurkatCas9TCRlib
PD193_fivelines_383k_JurkatCas9TCRlib_E11,CGATTGTTAGGAC,E11,JurkatCas9TCRlib
PD193_fivelines_383k_JurkatCas9TCRlib_E13,CTACCGAGTCTCC,E13,JurkatCas9TCRlib
PD193_fivelines_383k_JurkatCas9TCRlib_E15,CAGAACAAATTGC,E15,JurkatCas9TCRlib
PD193_fivelines_383k_JurkatCas9TCRlib_E17,CCTTGATCTCATC,E17,JurkatCas9TCRlib
PD193_fivelines_383k_JurkatCas9TCRlib_E19,CGCCACGCGTTAC,E19,JurkatCas9TCRlib
PD193_fivelines_383k_JurkatCas9TCRlib_E21,CTATAGATACGGC,E21,JurkatCas9TCRlib
PD193_fivelines_383k_JurkatCas9TCRlib_E23,CATACCCAGCCAC,E23,JurkatCas9TCRlib
PD193_fivelines_383k_JurkatCas9TCRlib_F01,CCCCGGATGTACC,F01,JurkatCas9TCRlib
PD193_fivelines_383k_JurkatCas9TCRlib_F03,CGATCTCGGCTTC,F03,JurkatCas9TCRlib
PD193_fivelines_383k_JurkatCas9TCRlib_F05,CTAGCCGCTTTGC,F05,JurkatCas9TCRlib
PD193_fivelines_383k_JurkatCas9TCRlib_F07,CCTAAATACAGCC,F07,JurkatCas9TCRlib
PD193_fivelines_383k_JurkatCas9TCRlib_F09,CGGGTTTTACCAG,F09,JurkatCas9TCRlib
PD193_fivelines_383k_JurkatCas9TCRlib_F11,CATATCCATTGCG,F11,JurkatCas9TCRlib
PD193_fivelines_383k_JurkatCas9TCRlib_F13,CCTCCCGAGAGTG,F13,JurkatCas9TCRlib
PD193_fivelines_383k_JurkatCas9TCRlib_F15,CGAATATCTCCGG,F15,JurkatCas9TCRlib
PD193_fivelines_383k_JurkatCas9TCRlib_F17,CTACTAACCCACG,F17,JurkatCas9TCRlib
PD193_fivelines_383k_JurkatCas9TCRlib_F19,CAAATGATACAAG,F19,JurkatCas9TCRlib
PD193_fivelines_383k_JurkatCas9TCRlib_F21,CCCCCATTATTTG,F21,JurkatCas9TCRlib
PD193_fivelines_383k_JurkatCas9TCRlib_F23,CGAGTCGCGACGG,F23,JurkatCas9TCRlib
PD193_fivelines_383k_JurkatCas9TCRlib_G01,GTGGTTGTGGCCG,G01,JurkatCas9TCRlib
PD193_fivelines_383k_JurkatCas9TCRlib_G03,GATTCAAGGAAAG,G03,JurkatCas9TCRlib
PD193_fivelines_383k_JurkatCas9TCRlib_G05,GCCAAGATCTGGG,G05,JurkatCas9TCRlib
PD193_fivelines_383k_JurkatCas9TCRlib_G07,GATACTGTATCAG,G07,JurkatCas9TCRlib
PD193_fivelines_383k_JurkatCas9TCRlib_G09,GCCGATTCGTGCG,G09,JurkatCas9TCRlib
PD193_fivelines_383k_JurkatCas9TCRlib_G11,GTGACAACGCTGG,G11,JurkatCas9TCRlib
PD193_fivelines_383k_JurkatCas9TCRlib_G13,GGGCTGTCTTATG,G13,JurkatCas9TCRlib
PD193_fivelines_383k_JurkatCas9TCRlib_G15,GACCCTGGCCTGG,G15,JurkatCas9TCRlib
PD193_fivelines_383k_JurkatCas9TCRlib_G17,GCGTACGCTTATG,G17,JurkatCas9TCRlib
PD193_fivelines_383k_JurkatCas9TCRlib_G19,GTTGCACTTAATG,G19,JurkatCas9TCRlib
PD193_fivelines_383k_JurkatCas9TCRlib_G21,GGACAAAGAGAAG,G21,JurkatCas9TCRlib
PD193_fivelines_383k_JurkatCas9TCRlib_G23,GAACCACAGCACG,G23,JurkatCas9TCRlib
PD193_fivelines_383k_HEK293T_H01,GCTTATCTAGAGG,H01,HEK293T
PD193_fivelines_383k_HEK293T_H03,GTAATGTGGTCAG,H03,HEK293T
PD193_fivelines_383k_HEK293T_H05,GGCGCGCGAGCTG,H05,HEK293T
PD193_fivelines_383k_HEK293T_H07,GTCCATGTGTGTG,H07,HEK293T
PD193_fivelines_383k_HEK293T_H09,GGGAGGAATCCAG,H09,HEK293T
PD193_fivelines_383k_HEK293T_H11,GATCAAAATAGGG,H11,HEK293T
PD193_fivelines_383k_HEK293T_H13,GCAAGACTGCCAG,H13,HEK293T
PD193_fivelines_383k_HEK293T_H15,GTAGGATGGACCG,H15,HEK293T
PD193_fivelines_383k_HEK293T_H17,GGATCGGACCTAG,H17,HEK293T
PD193_fivelines_383k_HEK293T_H19,GCCCAAAGGAATG,H19,HEK293T
PD193_fivelines_383k_HEK293T_H21,GTACCTAACGCAG,H21,HEK293T
PD193_fivelines_383k_HEK293T_H23,GGTCAGGTTCAGG,H23,HEK293T
PD193_fivelines_383k_K562_A02,AACCTCCAACCCA,A02,K562
PD193_fivelines_383k_K562_A04,ACGTTTCAGCCAA,A04,K562
PD193_fivelines_383k_K562_A06,ATAAGGTTAGATA,A06,K562
PD193_fivelines_383k_K562_A08,AATATACCAGACA,A08,K562
PD193_fivelines_383k_K562_A10,AGGAGAGACTGTA,A10,K562
PD193_fivelines_383k_K562_A12,ACTCATCTTAGCA,A12,K562
PD193_fivelines_383k_K562_A14,AAATTTGGCCGTA,A14,K562
PD193_fivelines_383k_K562_A16,ATTAAGGAAGTAA,A16,K562
PD193_fivelines_383k_K562_A18,AACCGATCCAGAA,A18,K562
PD193_fivelines_383k_K562_A20,ACAACGGGACTGA,A20,K562
PD193_fivelines_383k_K562_A22,ATCCAGTACAACA,A22,K562
PD193_fivelines_383k_K562_A24,AGAGGACGATGCA,A24,K562
PD193_fivelines_383k_K562_B02,AAAGGGTCGCTTA,B02,K562
PD193_fivelines_383k_K562_B04,ACCCATGTAGCAA,B04,K562
PD193_fivelines_383k_K562_B06,AGTGAAGTGGACA,B06,K562
PD193_fivelines_383k_K562_B08,ATAATAATTACAA,B08,K562
PD193_fivelines_383k_K562_B10,AGCTGTAACGTGA,B10,K562
PD193_fivelines_383k_K562_B12,AAAAAGCTGCGTA,B12,K562
PD193_fivelines_383k_K562_B14,ACGCGCAAACAGA,B14,K562
PD193_fivelines_383k_K562_B16,ATAATTTTCCCCA,B16,K562
PD193_fivelines_383k_K562_B18,AGGATACTGGTTA,B18,K562
PD193_fivelines_383k_K562_B20,AAGGGGGAAGCGA,B20,K562
PD193_fivelines_383k_K562_B22,ACAACGCCAAAAA,B22,K562
PD193_fivelines_383k_K562_B24,AACGAAGCCTGTA,B24,K562
PD193_fivelines_383k_K562_C02,TTACGTTGCCAGA,C02,K562
PD193_fivelines_383k_K562_C04,TAATTAACTTATA,C04,K562
PD193_fivelines_383k_K562_C06,TCTCGGTATGGGA,C06,K562
PD193_fivelines_383k_K562_C08,TTCGTGTGAATTA,C08,K562
PD193_fivelines_383k_K562_C10,TATAATTAGTTCA,C10,K562
PD193_fivelines_383k_K562_C12,TGGCTAATTCCTA,C12,K562
PD193_fivelines_383k_K562_C14,TAGAAGGTCGTGA,C14,K562
PD193_fivelines_383k_K562_C16,TCGTGAGGGGGTA,C16,K562
PD193_fivelines_383k_K562_C18,TTAGGCTAAAGGC,C18,K562
PD193_fivelines_383k_K562_C20,TGAAGTGGCTTCC,C20,K562
PD193_fivelines_383k_K562_C22,TATCGCATAGCGC,C22,K562
PD193_fivelines_383k_K562_C24,TCTCCTAAGCTCC,C24,K562
PD193_fivelines_383k_K562_D02,TAAATCATGATTC,D02,K562
PD193_fivelines_383k_K562_D04,TCGCATACGGAAC,D04,K562
PD193_fivelines_383k_K562_D06,TTGCAGCCACAGC,D06,K562
PD193_fivelines_383k_K562_D08,TACCTGGTGCTTC,D08,K562
PD193_fivelines_383k_K562_D10,TGTTTTCATAAGC,D10,K562
PD193_fivelines_383k_K562_D12,TAAACTGAGATGC,D12,K562
PD193_fivelines_383k_K562_D14,TCAGTGCGCTGTC,D14,K562
PD193_fivelines_383k_K562_D16,TTGAGTGGGCCAC,D16,K562
PD193_fivelines_383k_K562_D18,TATTCTCTCAACC,D18,K562
PD193_fivelines_383k_K562_D20,TCCTCCTTTACGC,D20,K562
PD193_fivelines_383k_K562_D22,TAGAGAACTTTAC,D22,K562
PD193_fivelines_383k_K562_D24,TTACTACCAGGTC,D24,K562
PD193_fivelines_383k_HL60_E02,CATTGCTACATCC,E02,HL60
PD193_fivelines_383k_HL60_E04,CGGAGTCACACGC,E04,HL60
PD193_fivelines_383k_HL60_E06,CCGGTGGAGCTCC,E06,HL60
PD193_fivelines_383k_HL60_E08,CTTCGGCCCAATC,E08,HL60
PD193_fivelines_383k_HL60_E10,CACGAGACACCCC,E10,HL60
PD193_fivelines_383k_HL60_E12,CGTCTAGACAAAC,E12,HL60
PD193_fivelines_383k_HL60_E14,CACCGTACGTTGC,E14,HL60
PD193_fivelines_383k_HL60_E16,CCTAACCCTCTCC,E16,HL60
PD193_fivelines_383k_HL60_E18,CTAGATTTAACTC,E18,HL60
PD193_fivelines_383k_HL60_E20,CAGATTAGAGTAC,E20,HL60
PD193_fivelines_383k_HL60_E22,CGGGACGTTTTCC,E22,HL60
PD193_fivelines_383k_HL60_E24,CTATACCAAGAAC,E24,HL60
PD193_fivelines_383k_HL60_F02,CCGGCGAGCCAGC,F02,HL60
PD193_fivelines_383k_HL60_F04,CATTTGAAAACGC,F04,HL60
PD193_fivelines_383k_HL60_F06,CCCCTTTCTGGAC,F06,HL60
PD193_fivelines_383k_HL60_F08,CTGACTGCAGCGC,F08,HL60
PD193_fivelines_383k_HL60_F10,CACGATCAAGTTG,F10,HL60
PD193_fivelines_383k_HL60_F12,CGAAATGCTGACG,F12,HL60
PD193_fivelines_383k_HL60_F14,CGCTACCTGAAGG,F14,HL60
PD193_fivelines_383k_HL60_F16,CAGGAACTACACG,F16,HL60
PD193_fivelines_383k_HL60_F18,CTCGGCCGGTCAG,F18,HL60
PD193_fivelines_383k_HL60_F20,CTTTTCCAGCGTG,F20,HL60
PD193_fivelines_383k_HL60_F22,CAATCGTAGCCGG,F22,HL60
PD193_fivelines_383k_HL60_F24,CGTAAACTACGAG,F24,HL60
PD193_fivelines_383k_HL60_G02,GACGAGTATCTGG,G02,HL60
PD193_fivelines_383k_HL60_G04,GCAAAGGGTGGTG,G04,HL60
PD193_fivelines_383k_HL60_G06,GTAGGTGAGAAAG,G06,HL60
PD193_fivelines_383k_HL60_G08,GAGCGGATTAGTG,G08,HL60
PD193_fivelines_383k_HL60_G10,GGTTTGTATGTCG,G10,HL60
PD193_fivelines_383k_HL60_G12,GAACACATCTGAG,G12,HL60
PD193_fivelines_383k_HL60_G14,GCTACCAATGACG,G14,HL60
PD193_fivelines_383k_HL60_G16,GTGAGGGCTCGGG,G16,HL60
PD193_fivelines_383k_HL60_G18,GAAATGTGTCGCG,G18,HL60
PD193_fivelines_383k_HL60_G20,GGCCCACACCGGG,G20,HL60
PD193_fivelines_383k_HL60_G22,GCCGGTAGCTCCG,G22,HL60
PD193_fivelines_383k_HL60_G24,GAAGAATTATGGG,G24,HL60
PD193_fivelines_383k_HL60_H02,GTCTCGTCATATG,H02,HL60
PD193_fivelines_383k_HL60_H04,GGACTTTTGGTCG,H04,HL60
PD193_fivelines_383k_HL60_H06,GATTTCGTTCCAG,H06,HL60
PD193_fivelines_383k_HL60_H08,GTCCCGGAGCCAG,H08,HL60
PD193_fivelines_383k_HL60_H10,GGGGGGCCGGACG,H10,HL60
PD193_fivelines_383k_HL60_H12,GACTACGTTTGGG,H12,HL60
PD193_fivelines_383k_HL60_H14,GCTTTAATCTAAG,H14,HL60
PD193_fivelines_383k_HL60_H16,GAGGCAAAAATCG,H16,HL60
PD193_fivelines_383k_HL60_H18,GTTTGATTCTCGG,H18,HL60
PD193_fivelines_383k_HL60_H20,GAGGGACATCGAG,H20,HL60
PD193_fivelines_383k_HL60_H22,GGATCCTTACCCG,H22,HL60
PD193_fivelines_383k_HL60_H24,GCGATCCTCGCGG,H24,HL60
PD193_fivelines_383k_HEK293T_I01,ATATTGGCACTTA,I01,HEK293T
PD193_fivelines_383k_HEK293T_I03,AAAAGAATCGCCA,I03,HEK293T
PD193_fivelines_383k_HEK293T_I05,AGGAAGCCCATTA,I05,HEK293T
PD193_fivelines_383k_HEK293T_I07,ACCCCTTCGCAGA,I07,HEK293T
PD193_fivelines_383k_HEK293T_I09,ATGTCTATTCACA,I09,HEK293T
PD193_fivelines_383k_HEK293T_I11,AGAACGCTTTGAA,I11,HEK293T
PD193_fivelines_383k_HEK293T_I13,AAGGGACCCACCA,I13,HEK293T
PD193_fivelines_383k_HEK293T_I15,ACACATCGTTTTA,I15,HEK293T
PD193_fivelines_383k_HEK293T_I17,AATGGTTCTCCGA,I17,HEK293T
PD193_fivelines_383k_HEK293T_I19,ATGCCGCTGAAAA,I19,HEK293T
PD193_fivelines_383k_HEK293T_I21,AAACACTCTAGTA,I21,HEK293T
PD193_fivelines_383k_HEK293T_I23,ATCCTCGGGGTCA,I23,HEK293T
PD193_fivelines_383k_HEK293T_J01,AAGAATCGCTAGA,J01,HEK293T
PD193_fivelines_383k_HEK293T_J03,AGAAGTCAGGTAA,J03,HEK293T
PD193_fivelines_383k_HEK293T_J05,ACGCGGCTCATCA,J05,HEK293T
PD193_fivelines_383k_HEK293T_J07,AAACCCAAATATA,J07,HEK293T
PD193_fivelines_383k_HEK293T_J09,ATCTCAGAACTGA,J09,HEK293T
PD193_fivelines_383k_HEK293T_J11,AGCAATTAGGAGA,J11,HEK293T
PD193_fivelines_383k_HEK293T_J13,AAGTAAACGCGTA,J13,HEK293T
PD193_fivelines_383k_HEK293T_J15,ACATACAGCATGA,J15,HEK293T
PD193_fivelines_383k_HEK293T_J17,AACGCAGAGAGAA,J17,HEK293T
PD193_fivelines_383k_HEK293T_J19,ATGACGCGATTTA,J19,HEK293T
PD193_fivelines_383k_HEK293T_J21,AAACATTCACCAA,J21,HEK293T
PD193_fivelines_383k_HEK293T_J23,AGGCCTCATATTA,J23,HEK293T
PD193_fivelines_383k_HEK293T_K01,TGACGCTCACTGA,K01,HEK293T
PD193_fivelines_383k_HEK293T_K03,TCCGGGCGGAGCA,K03,HEK293T
PD193_fivelines_383k_HEK293T_K05,TTTCCCGTTTAAA,K05,HEK293T
PD193_fivelines_383k_HEK293T_K07,TGTAACTGAGTGA,K07,HEK293T
PD193_fivelines_383k_HEK293T_K09,TAACCTATGCCTA,K09,HEK293T
PD193_fivelines_383k_HEK293T_K11,TCCAAAGAACATA,K11,HEK293T
PD193_fivelines_383k_HEK293T_K13,TTCTCGGGTGACA,K13,HEK293T
PD193_fivelines_383k_HEK293T_K15,TGGTGTTGTTTTA,K15,HEK293T
PD193_fivelines_383k_HEK293T_K17,TAACCCGTAGTAC,K17,HEK293T
PD193_fivelines_383k_HEK293T_K19,TCTGCCTACTAAC,K19,HEK293T
PD193_fivelines_383k_HEK293T_K21,TTCAGTATTTATC,K21,HEK293T
PD193_fivelines_383k_HEK293T_K23,TGCTAGGGAAAAC,K23,HEK293T
PD193_fivelines_383k_HEK293T_L01,TAGTTACGAGGGC,L01,HEK293T
PD193_fivelines_383k_HEK293T_L03,TCGACCTAGGTTC,L03,HEK293T
PD193_fivelines_383k_HEK293T_L05,TGCCTCGATAGGC,L05,HEK293T
PD193_fivelines_383k_HEK293T_L07,TATTAGTCAAACC,L07,HEK293T
PD193_fivelines_383k_HEK293T_L09,TCTTACTGAACTC,L09,HEK293T
PD193_fivelines_383k_HEK293T_L11,TTCAATTGTGCAC,L11,HEK293T
PD193_fivelines_383k_HEK293T_L13,TGTACATGTCACC,L13,HEK293T
PD193_fivelines_383k_HEK293T_L15,TACGTATCATTAC,L15,HEK293T
PD193_fivelines_383k_HEK293T_L17,TCATGGACTCTGC,L17,HEK293T
PD193_fivelines_383k_HEK293T_L19,TTCATGCTCCATC,L19,HEK293T
PD193_fivelines_383k_HEK293T_L21,TGCTAACTCTGCC,L21,HEK293T
PD193_fivelines_383k_HEK293T_L23,TCCCTACTTCAAC,L23,HEK293T
PD193_fivelines_383k_HEK293T_M01,CAGTACTACGCGC,M01,HEK293T
PD193_fivelines_383k_HEK293T_M03,CTCACCGGCTATC,M03,HEK293T
PD193_fivelines_383k_HEK293T_M05,CACTATTTAATAC,M05,HEK293T
PD193_fivelines_383k_HEK293T_M07,CCGGACTTGCTGC,M07,HEK293T
PD193_fivelines_383k_HEK293T_M09,CTCACATCTTCCC,M09,HEK293T
PD193_fivelines_383k_HEK293T_M11,CGACCACCTGTAC,M11,HEK293T
PD193_fivelines_383k_HEK293T_M13,CATCAATCCCAGC,M13,HEK293T
PD193_fivelines_383k_HEK293T_M15,CCCAAGCAGGCCC,M15,HEK293T
PD193_fivelines_383k_HEK293T_M17,CTGTGCATAGTTC,M17,HEK293T
PD193_fivelines_383k_HEK293T_M19,CAACGCAGTCCAC,M19,HEK293T
PD193_fivelines_383k_HEK293T_M21,CGCGTTGGTAATC,M21,HEK293T
PD193_fivelines_383k_HEK293T_M23,CCTTCAGTAGGAC,M23,HEK293T
PD193_fivelines_383k_HEK293T_N01,CTAGCCTTCTGTC,N01,HEK293T
PD193_fivelines_383k_HEK293T_N03,CGTCCCACGAAGC,N03,HEK293T
PD193_fivelines_383k_HEK293T_N05,CTAGTTCCTATTC,N05,HEK293T
PD193_fivelines_383k_HEK293T_N07,CCCCAACCGGTGC,N07,HEK293T
PD193_fivelines_383k_HEK293T_N09,CTCTTAAAGATTG,N09,HEK293T
PD193_fivelines_383k_HEK293T_N11,CGGTCTCCTTGCG,N11,HEK293T
PD193_fivelines_383k_HEK293T_N13,CAATGAGCAGAGG,N13,HEK293T
PD193_fivelines_383k_HEK293T_N15,CCATATTCCCTTG,N15,HEK293T
PD193_fivelines_383k_HEK293T_N17,CTGTTACCCGTAG,N17,HEK293T
PD193_fivelines_383k_HEK293T_N19,CGATAATTTTCTG,N19,HEK293T
PD193_fivelines_383k_HEK293T_N21,CAACCTTGAGGGG,N21,HEK293T
PD193_fivelines_383k_HEK293T_N23,CCGATAAAACGCG,N23,HEK293T
PD193_fivelines_383k_K562_O01,GCCTAGAGAGTTG,O01,K562
PD193_fivelines_383k_K562_O03,GGTCACCATGGAG,O03,K562
PD193_fivelines_383k_K562_O05,GCTGTGGCCCCGG,O05,K562
PD193_fivelines_383k_K562_O07,GTGGGAGGCGAAG,O07,K562
PD193_fivelines_383k_K562_O09,GGCTGCCGTCACG,O09,K562
PD193_fivelines_383k_K562_O11,GATCTTCTATGTG,O11,K562
PD193_fivelines_383k_K562_O13,GCTACTTGCTCTG,O13,K562
PD193_fivelines_383k_K562_O15,GTGGGCCTTTAGG,O15,K562
PD193_fivelines_383k_K562_O17,GGATACACCGGCG,O17,K562
PD193_fivelines_383k_K562_O19,GTGCGCTCGGATG,O19,K562
PD193_fivelines_383k_K562_O21,GCACAGGTCAAAG,O21,K562
PD193_fivelines_383k_K562_O23,GTCTGAGTGCCCG,O23,K562
PD193_fivelines_383k_K562_P01,GGTTGTGTAGCTG,P01,K562
PD193_fivelines_383k_K562_P03,GATGCGGGGCGGG,P03,K562
PD193_fivelines_383k_K562_P05,GCCGGTGTAAACG,P05,K562
PD193_fivelines_383k_K562_P07,GTGGCAAGTTCGG,P07,K562
PD193_fivelines_383k_K562_P09,GGTAGAATGAGTG,P09,K562
PD193_fivelines_383k_K562_P11,GCCCTATGGCCCG,P11,K562
PD193_fivelines_383k_K562_P13,GTCTATCCTCATG,P13,K562
PD193_fivelines_383k_K562_P15,GGAGTGTACTTGG,P15,K562
PD193_fivelines_383k_K562_P17,GATCGCGAGTACG,P17,K562
PD193_fivelines_383k_K562_P19,GCGGTCCCAAGTG,P19,K562
PD193_fivelines_383k_K562_P21,GTTCTGGGAGAGG,P21,K562
PD193_fivelines_383k_K562_P23,GAACTTCGAAAAG,P23,K562
PD193_fivelines_383k_HL60_I02,AGCGTCCACACAA,I02,HL60
PD193_fivelines_383k_HL60_I04,ACGAGGTGCCGTA,I04,HL60
PD193_fivelines_383k_HL60_I06,ATTTATTAGACGA,I06,HL60
PD193_fivelines_383k_HL60_I08,AGGGCTCCGACAA,I08,HL60
PD193_fivelines_383k_HL60_I10,AAAGTTTATCAAA,I10,HL60
PD193_fivelines_383k_HL60_I12,ACACGTGTGCGGA,I12,HL60
PD193_fivelines_383k_HL60_I14,AACGTCAAGGATA,I14,HL60
PD193_fivelines_383k_HL60_I16,AGTGACAGCTACA,I16,HL60
PD193_fivelines_383k_HL60_I18,AAGCTTTACATGA,I18,HL60
PD193_fivelines_383k_HL60_I20,ATATGAACAACTA,I20,HL60
PD193_fivelines_383k_HL60_I22,AGTAGATCGCTAA,I22,HL60
PD193_fivelines_383k_HL60_I24,AAAGCGTCTACCA,I24,HL60
PD193_fivelines_383k_HL60_J02,ACATTTTTGAAGA,J02,HL60
PD193_fivelines_383k_HL60_J04,ATGTAGCTTACCA,J04,HL60
PD193_fivelines_383k_HL60_J06,AGTGAGCGGCAAA,J06,HL60
PD193_fivelines_383k_HL60_J08,AATGAGCCTGATA,J08,HL60
PD193_fivelines_383k_HL60_J10,ATCGAAACGAGGA,J10,HL60
PD193_fivelines_383k_HL60_J12,AGACAGTAGTCCA,J12,HL60
PD193_fivelines_383k_HL60_J14,ATTTAGCTCGGTA,J14,HL60
PD193_fivelines_383k_HL60_J16,AGCTTGAGGACCA,J16,HL60
PD193_fivelines_383k_HL60_J18,AACAGACGCCTAA,J18,HL60
PD193_fivelines_383k_HL60_J20,ATTGGACAGGGCA,J20,HL60
PD193_fivelines_383k_HL60_J22,AAAATTCAGTATA,J22,HL60
PD193_fivelines_383k_HL60_J24,ACTGTCGAAATAA,J24,HL60
PD193_fivelines_383k_NALM6DSMZ_K02,TTGGGTATCAGGA,K02,NALM6DSMZ
PD193_fivelines_383k_NALM6DSMZ_K04,TGCTATCAGTCTA,K04,NALM6DSMZ
PD193_fivelines_383k_NALM6DSMZ_K06,TAAGGCGGTAAGA,K06,NALM6DSMZ
PD193_fivelines_383k_NALM6DSMZ_K08,TCGATTGGGTTTA,K08,NALM6DSMZ
PD193_fivelines_383k_NALM6DSMZ_K10,TTGCCCAGCATAA,K10,NALM6DSMZ
PD193_fivelines_383k_NALM6DSMZ_K12,TGCACTGGGCGCA,K12,NALM6DSMZ
PD193_fivelines_383k_NALM6DSMZ_K14,TATGGGAATAAAA,K14,NALM6DSMZ
PD193_fivelines_383k_NALM6DSMZ_K16,TCTACCCGGTTGA,K16,NALM6DSMZ
PD193_fivelines_383k_NALM6DSMZ_K18,TCATCCAGATCAC,K18,NALM6DSMZ
PD193_fivelines_383k_NALM6DSMZ_K20,TGAAGCAATTAGC,K20,NALM6DSMZ
PD193_fivelines_383k_NALM6DSMZ_K22,TATGGCGTCCTTC,K22,NALM6DSMZ
PD193_fivelines_383k_NALM6DSMZ_K24,TCAATATATTGAC,K24,NALM6DSMZ
PD193_fivelines_383k_NALM6DSMZ_L02,TTTGGACGACCGC,L02,NALM6DSMZ
PD193_fivelines_383k_NALM6DSMZ_L04,TGATTGACCAAAC,L04,NALM6DSMZ
PD193_fivelines_383k_NALM6DSMZ_L06,TCGAACATACCTC,L06,NALM6DSMZ
PD193_fivelines_383k_NALM6DSMZ_L08,TTTCATCCAATAC,L08,NALM6DSMZ
PD193_fivelines_383k_NALM6DSMZ_L10,TGCGGGAAAGGCC,L10,NALM6DSMZ
PD193_fivelines_383k_NALM6DSMZ_L12,TCAGGGATCACTC,L12,NALM6DSMZ
PD193_fivelines_383k_NALM6DSMZ_L14,TGTGTTACTTCCC,L14,NALM6DSMZ
PD193_fivelines_383k_NALM6DSMZ_L16,TACGGGTGTTGAC,L16,NALM6DSMZ
PD193_fivelines_383k_NALM6DSMZ_L18,TCCTGATGGTAGC,L18,NALM6DSMZ
PD193_fivelines_383k_NALM6DSMZ_L20,TTTCGTGCTTTCC,L20,NALM6DSMZ
PD193_fivelines_383k_NALM6DSMZ_L22,TGACGCGACGATC,L22,NALM6DSMZ
PD193_fivelines_383k_NALM6DSMZ_L24,TATTGTTAACGAC,L24,NALM6DSMZ
PD193_fivelines_383k_NALM6DSMZ_M02,CCAAGCGCGTCCC,M02,NALM6DSMZ
PD193_fivelines_383k_NALM6DSMZ_M04,CTTATCGTCAAGC,M04,NALM6DSMZ
PD193_fivelines_383k_NALM6DSMZ_M06,CCTAGAAGTCGAC,M06,NALM6DSMZ
PD193_fivelines_383k_NALM6DSMZ_M08,CTCGGCATGATCC,M08,NALM6DSMZ
PD193_fivelines_383k_NALM6DSMZ_M10,CGACGGCGCACAC,M10,NALM6DSMZ
PD193_fivelines_383k_NALM6DSMZ_M12,CAGACCGTGGACC,M12,NALM6DSMZ
PD193_fivelines_383k_NALM6DSMZ_M14,CCAGGTGACGGCC,M14,NALM6DSMZ
PD193_fivelines_383k_NALM6DSMZ_M16,CTCGTGTCGGAGC,M16,NALM6DSMZ
PD193_fivelines_383k_NALM6DSMZ_M18,CTTTCGTGTAGAC,M18,NALM6DSMZ
PD193_fivelines_383k_NALM6DSMZ_M20,CGCCAGTGCTTTC,M20,NALM6DSMZ
PD193_fivelines_383k_NALM6DSMZ_M22,CATGTTGCGGGAC,M22,NALM6DSMZ
PD193_fivelines_383k_NALM6DSMZ_M24,CCGCTTGTATAGC,M24,NALM6DSMZ
PD193_fivelines_383k_NALM6DSMZ_N02,CTCGTCACTGGCC,N02,NALM6DSMZ
PD193_fivelines_383k_NALM6DSMZ_N04,CGCTTTTACTGAC,N04,NALM6DSMZ
PD193_fivelines_383k_NALM6DSMZ_N06,CAGCAGGGACGCC,N06,NALM6DSMZ
PD193_fivelines_383k_NALM6DSMZ_N08,CCCGCTCGACTAC,N08,NALM6DSMZ
PD193_fivelines_383k_NALM6DSMZ_N10,CTTCTGATTTTGG,N10,NALM6DSMZ
PD193_fivelines_383k_NALM6DSMZ_N12,CGATGTGCGTGTG,N12,NALM6DSMZ
PD193_fivelines_383k_NALM6DSMZ_N14,CACCCCGCTCCTG,N14,NALM6DSMZ
PD193_fivelines_383k_NALM6DSMZ_N16,CCAGATTGTAACG,N16,NALM6DSMZ
PD193_fivelines_383k_NALM6DSMZ_N18,CTGCTCCACCAAG,N18,NALM6DSMZ
PD193_fivelines_383k_NALM6DSMZ_N20,CGCGATATTCGGG,N20,NALM6DSMZ
PD193_fivelines_383k_NALM6DSMZ_N22,CACAGGGGCAACG,N22,NALM6DSMZ
PD193_fivelines_383k_NALM6DSMZ_N24,CCTCTGATCCGTG,N24,NALM6DSMZ
PD193_fivelines_383k_NALM6DSMZ_O02,GTCATTGACTTGG,O02,NALM6DSMZ
PD193_fivelines_383k_NALM6DSMZ_O04,GGGAAATCGTACG,O04,NALM6DSMZ
PD193_fivelines_383k_NALM6DSMZ_O06,GAACTTACTGCGG,O06,NALM6DSMZ
PD193_fivelines_383k_NALM6DSMZ_O08,GCGACGGATTAAG,O08,NALM6DSMZ
PD193_fivelines_383k_NALM6DSMZ_O10,GTTGCGATGTCCG,O10,NALM6DSMZ
PD193_fivelines_383k_NALM6DSMZ_O12,GGGATCGCACAGG,O12,NALM6DSMZ
PD193_fivelines_383k_NALM6DSMZ_O14,GACCAAATTGTAG,O14,NALM6DSMZ
PD193_fivelines_383k_NALM6DSMZ_O16,GCTGGTCAGTTTG,O16,NALM6DSMZ
PD193_fivelines_383k_NALM6DSMZ_O18,GGCCAAGGCGCCG,O18,NALM6DSMZ
PD193_fivelines_383k_NALM6DSMZ_O20,GATGTAAGTCTTG,O20,NALM6DSMZ
PD193_fivelines_383k_NALM6DSMZ_O22,GGGTGCTCCACAG,O22,NALM6DSMZ
PD193_fivelines_383k_NALM6DSMZ_O24,GCTGGTAGAGGTG,O24,NALM6DSMZ
PD193_fivelines_383k_NALM6DSMZ_P02,GGCAGATTCCAGG,P02,NALM6DSMZ
PD193_fivelines_383k_NALM6DSMZ_P04,GATGGTTGCAATG,P04,NALM6DSMZ
PD193_fivelines_383k_NALM6DSMZ_P06,GGCGGGTAGATAG,P06,NALM6DSMZ
PD193_fivelines_383k_NALM6DSMZ_P08,GCCACTCTTGGGG,P08,NALM6DSMZ
PD193_fivelines_383k_NALM6DSMZ_P10,GGTGAGGTATGTG,P10,NALM6DSMZ
PD193_fivelines_383k_NALM6DSMZ_P12,GAACGTTTATACG,P12,NALM6DSMZ
PD193_fivelines_383k_NALM6DSMZ_P14,GGTGCCGCCAGCG,P14,NALM6DSMZ
PD193_fivelines_383k_NALM6DSMZ_P16,GCGCGTTACTCAG,P16,NALM6DSMZ
PD193_fivelines_383k_NALM6DSMZ_P18,GTGATTGATGGAG,P18,NALM6DSMZ
PD193_fivelines_383k_NALM6DSMZ_P20,GGTTACGGGCCGG,P20,NALM6DSMZ
PD193_fivelines_383k_NALM6DSMZ_P22,GACCAGCATACAG,P22,NALM6DSMZ
PD193_fivelines_383k_NALM6DSMZ_P24,GCGAGTTTAATGG,P24,NALM6DSMZ
